{
  "project_info": {
    "project_number": "429334898968",
    "firebase_url": "https://livewallpaper-d27e1.firebaseio.com",
    "project_id": "livewallpaper-d27e1",
    "storage_bucket": "livewallpaper-d27e1.appspot.com"
  },
  "client": [
    {
      "client_info": {
        "mobilesdk_app_id": "1:429334898968:android:b051e2bb04a9739f21d66d",
        "android_client_info": {
          "package_name": "com.example.livewallpaper"
        }
      },
      "oauth_client": [
        {
          "client_id": "429334898968-sue57spn7qf4u8sam6d0h7198lut9bfi.apps.googleusercontent.com",
          "client_type": 3
        }
      ],
      "api_key": [
        {
          "current_key": "AIzaSyCSWlF4WiCL6BjTSm2uyJaH7HjNUdAm0nI"
        }
      ],
      "services": {
        "appinvite_service": {
          "other_platform_oauth_client": [
            {
              "client_id": "429334898968-sue57spn7qf4u8sam6d0h7198lut9bfi.apps.googleusercontent.com",
              "client_type": 3
            }
          ]
        }
      }
    }
  ],
  "configuration_version": "1"
}